Ala/A	GCU, GCC, GCA, GCG	89.0935
Arg/R	CGU, CGC, CGA, CGG, AGA, AGG	174.2017
Asn/N	AAU, AAC	132.1184
Asp/D	GAU, GAC	133.1032
Cys/C	UGU, UGC	121.1590
Gln/Q	CAA, CAG	146.1451
Glu/E	GAA, GAG	147.1299
Gly/G	GGU, GGC, GGA, GGG	75.0669
His/H	CAU, CAC	155.1552
Ile/I	AUU, AUC, AUA	131.1736
Leu/L	UUA, UUG, CUU, CUC, CUA, CUG	131.1736
Lys/K	AAA, AAG	146.1882
Met/M	AUG	149.2124
Phe/F	UUU, UUC	165.1900
Pro/P	CCU, CCC, CCA, CCG	115.1310
Ser/S	UCU, UCC, UCA, UCG, AGU, AGC	105.0930
Thr/T	ACU, ACC, ACA, ACG	119.1197
Trp/W	UGG	204.2262
Tyr/Y	UAU, UAC	181.1894
Val/V	GUU, GUC, GUA, GUG	117.1469
START	AUG	-
STOP	UAG, UGA, UAA	-